COUNTRY_NAME,Code,YEAR,CO2_EMISSIONS_TONNES,COUNTRY_ID
Afghanistan,AFG,2013,208656.12,AF
Afghanistan,AFG,2014,227078.3,AF
Afghanistan,AFG,2015,187643.45,AF
Afghanistan,AFG,2016,177195.73,AF
Afghanistan,AFG,2017,204241.47,AF
Afghanistan,AFG,2018,236053.94,AF
Afghanistan,AFG,2019,159873.33,AF
Afghanistan,AFG,2020,79252.125,AF
Afghanistan,AFG,2023,68394.27,AF
Afghanistan,AFG,2024,146712.78,AF
Algeria,DZA,2013,843895.0,DZ
Algeria,DZA,2014,918869.4,DZ
Algeria,DZA,2015,1025135.5,DZ
Algeria,DZA,2016,1136563.8,DZ
Algeria,DZA,2017,1215380.4,DZ
Algeria,DZA,2018,1125109.8,DZ
Algeria,DZA,2019,921682.44,DZ
Algeria,DZA,2020,192887.89,DZ
Algeria,DZA,2021,200896.3,DZ
Algeria,DZA,2022,603687.1,DZ
Algeria,DZA,2023,1002394.3,DZ
Algeria,DZA,2024,1103089.5,DZ
Angola,AGO,2013,605774.06,AO
Angola,AGO,2014,662571.6,AO
Angola,AGO,2015,654642.56,AO
Angola,AGO,2016,634277.1,AO
Angola,AGO,2017,609196.2,AO
Angola,AGO,2018,599962.6,AO
Angola,AGO,2019,614793.4,AO
Angola,AGO,2020,191202.84,AO
Angola,AGO,2021,156887.06,AO
Angola,AGO,2022,342199.5,AO
Angola,AGO,2023,406013.3,AO
Angola,AGO,2024,417894.62,AO
Antigua and Barbuda,ATG,2015,131895.61,AG
Antigua and Barbuda,ATG,2016,141514.03,AG
Argentina,ARG,2013,3959389.0,AR
Argentina,ARG,2014,3974954.5,AR
Argentina,ARG,2015,4061345.8,AR
Argentina,ARG,2016,4255778.5,AR
Argentina,ARG,2017,4574941.0,AR
Argentina,ARG,2018,4942872.0,AR
Argentina,ARG,2019,4384410.0,AR
Argentina,ARG,2020,1263717.4,AR
Argentina,ARG,2021,1486999.8,AR
Argentina,ARG,2022,3212476.5,AR
Argentina,ARG,2023,4090701.5,AR
Argentina,ARG,2024,4095075.0,AR
Armenia,ARM,2016,165984.05,AM
Australia,AUS,2013,19103196.0,AU
Australia,AUS,2014,19381840.0,AU
Australia,AUS,2015,19541120.0,AU
Australia,AUS,2016,20878712.0,AU
Australia,AUS,2017,21766560.0,AU
Australia,AUS,2018,22482604.0,AU
Australia,AUS,2019,22084274.0,AU
Australia,AUS,2020,9222940.0,AU
Australia,AUS,2021,7903253.0,AU
Australia,AUS,2022,13848760.0,AU
Australia,AUS,2023,18388724.0,AU
Australia,AUS,2024,20275648.0,AU
Austria,AUT,2013,1942942.8,AT
Austria,AUT,2014,2069204.5,AT
Austria,AUT,2015,2156687.0,AT
Austria,AUT,2016,2244702.2,AT
Austria,AUT,2017,2274704.2,AT
Austria,AUT,2018,2537187.8,AT
Austria,AUT,2019,2955016.2,AT
Austria,AUT,2020,1006389.5,AT
Austria,AUT,2021,1214195.1,AT
Austria,AUT,2022,2067431.8,AT
Austria,AUT,2023,2449485.0,AT
Austria,AUT,2024,2645748.2,AT
Azerbaijan,AZE,2013,368848.34,AZ
Azerbaijan,AZE,2014,382622.38,AZ
Azerbaijan,AZE,2015,393101.2,AZ
Azerbaijan,AZE,2016,387658.9,AZ
Azerbaijan,AZE,2017,425822.8,AZ
Azerbaijan,AZE,2018,442269.16,AZ
Azerbaijan,AZE,2019,440162.03,AZ
Azerbaijan,AZE,2022,518882.16,AZ
Azerbaijan,AZE,2023,606379.5,AZ
Azerbaijan,AZE,2024,718679.56,AZ
Bahamas,BHS,2013,263411.28,BS
Bahamas,BHS,2014,280802.88,BS
Bahamas,BHS,2015,278047.25,BS
Bahamas,BHS,2016,279597.94,BS
Bahamas,BHS,2017,277447.44,BS
Bahamas,BHS,2018,283140.34,BS
Bahamas,BHS,2019,370400.16,BS
Bahamas,BHS,2020,147822.28,BS
Bahamas,BHS,2021,290349.0,BS
Bahamas,BHS,2022,389896.94,BS
Bahamas,BHS,2023,439490.94,BS
Bahamas,BHS,2024,469625.56,BS
Bangladesh,BGD,2013,917908.0,BD
Bangladesh,BGD,2014,1051882.4,BD
Bangladesh,BGD,2015,1240751.0,BD
Bangladesh,BGD,2016,1298522.6,BD
Bangladesh,BGD,2017,1460492.0,BD
Bangladesh,BGD,2018,1537293.5,BD
Bangladesh,BGD,2019,1317098.0,BD
Bangladesh,BGD,2020,583153.2,BD
Bangladesh,BGD,2021,997318.5,BD
Bangladesh,BGD,2022,1537876.4,BD
Bangladesh,BGD,2023,1643487.6,BD
Bangladesh,BGD,2024,1606920.1,BD
Belarus,BLR,2014,166599.95,BY
Belarus,BLR,2015,189553.22,BY
Belarus,BLR,2016,230666.12,BY
Belarus,BLR,2017,243342.61,BY
Belgium,BEL,2013,2445905.0,BE
Belgium,BEL,2014,2666231.5,BE
Belgium,BEL,2015,2784250.2,BE
Belgium,BEL,2016,2667611.0,BE
Belgium,BEL,2017,2783681.0,BE
Belgium,BEL,2019,3189629.2,BE
Belgium,BEL,2020,1427704.9,BE
Belgium,BEL,2021,2172805.0,BE
Belgium,BEL,2022,3086134.8,BE
Belgium,BEL,2023,3135056.8,BE
Belgium,BEL,2024,3281522.2,BE
Belize,BLZ,2013,58771.504,BZ
Belize,BLZ,2014,71765.484,BZ
Belize,BLZ,2015,73747.79,BZ
Belize,BLZ,2016,79711.336,BZ
Belize,BLZ,2017,90132.09,BZ
Belize,BLZ,2018,90964.875,BZ
Benin,BEN,2018,87412.92,BJ
Bhutan,BTN,2013,9262.621,BT
Bhutan,BTN,2014,18325.145,BT
Bhutan,BTN,2016,13929.777,BT
Bhutan,BTN,2017,16969.727,BT
Bhutan,BTN,2018,21339.967,BT
Bhutan,BTN,2022,8601.646,BT
Bhutan,BTN,2024,22092.133,BT
Bolivia,BOL,2013,405186.75,BO
Bolivia,BOL,2014,452519.06,BO
Bolivia,BOL,2015,514958.53,BO
Bolivia,BOL,2016,584574.1,BO
Bolivia,BOL,2017,579374.44,BO
Bolivia,BOL,2018,590672.0,BO
Bolivia,BOL,2019,331756.88,BO
Bolivia,BOL,2020,158033.3,BO
Bolivia,BOL,2021,244059.2,BO
Bolivia,BOL,2022,335301.12,BO
Bolivia,BOL,2023,401416.2,BO
Bolivia,BOL,2024,411915.5,BO
Bosnia and Herzegovina,BIH,2013,38580.02,BA
Bosnia and Herzegovina,BIH,2014,45956.63,BA
Bosnia and Herzegovina,BIH,2015,54888.113,BA
Botswana,BWA,2013,41512.242,BW
Botswana,BWA,2014,37118.676,BW
Botswana,BWA,2015,38821.05,BW
Botswana,BWA,2016,42972.656,BW
Botswana,BWA,2017,39091.875,BW
Botswana,BWA,2018,42105.133,BW
Botswana,BWA,2019,35708.86,BW
Botswana,BWA,2021,15693.557,BW
Botswana,BWA,2022,26457.27,BW
Botswana,BWA,2023,35258.4,BW
Botswana,BWA,2024,45384.055,BW
Brazil,BRA,2013,16627463.0,BR
Brazil,BRA,2014,17108564.0,BR
Brazil,BRA,2015,17199880.0,BR
Brazil,BRA,2016,15607044.0,BR
Brazil,BRA,2017,15438060.0,BR
Brazil,BRA,2018,16517786.0,BR
Brazil,BRA,2019,15051512.0,BR
Brazil,BRA,2020,7269487.0,BR
Brazil,BRA,2021,9276297.0,BR
Brazil,BRA,2022,13164394.0,BR
Brazil,BRA,2023,14626308.0,BR
Brazil,BRA,2024,15667092.0,BR
Bulgaria,BGR,2013,347417.47,BG
Bulgaria,BGR,2014,377818.84,BG
Bulgaria,BGR,2015,408916.25,BG
Bulgaria,BGR,2016,499165.66,BG
Bulgaria,BGR,2017,598333.7,BG
Bulgaria,BGR,2018,687012.8,BG
Bulgaria,BGR,2019,695736.25,BG
Bulgaria,BGR,2020,361172.34,BG
Bulgaria,BGR,2021,418876.44,BG
Bulgaria,BGR,2022,572105.75,BG
Bulgaria,BGR,2023,639494.6,BG
Bulgaria,BGR,2024,672649.6,BG
Burkina Faso,BFA,2013,94590.42,BF
Burkina Faso,BFA,2014,79981.26,BF
Burkina Faso,BFA,2015,74919.01,BF
Burkina Faso,BFA,2016,78442.49,BF
Burkina Faso,BFA,2017,92166.73,BF
Burkina Faso,BFA,2018,84829.766,BF
Cambodia,KHM,2013,341157.06,KH
Cambodia,KHM,2014,417418.88,KH
Cambodia,KHM,2015,421430.78,KH
Cambodia,KHM,2016,457898.78,KH
Cambodia,KHM,2017,577432.2,KH
Cambodia,KHM,2018,697789.44,KH
Cambodia,KHM,2019,769712.0,KH
Cambodia,KHM,2020,205469.61,KH
Cambodia,KHM,2021,87811.664,KH
Cambodia,KHM,2022,169633.81,KH
Cameroon,CMR,2013,242056.98,CM
Cameroon,CMR,2014,258347.31,CM
Cameroon,CMR,2015,274664.2,CM
Cameroon,CMR,2016,294679.22,CM
Cameroon,CMR,2017,259817.16,CM
Cameroon,CMR,2018,275331.66,CM
Cameroon,CMR,2019,205156.0,CM
Cameroon,CMR,2020,110340.195,CM
Cameroon,CMR,2021,173986.61,CM
Cameroon,CMR,2022,213805.31,CM
Cameroon,CMR,2023,209645.02,CM
Cameroon,CMR,2024,200812.3,CM
Canada,CAN,2013,14806782.0,CA
Canada,CAN,2014,15572820.0,CA
Canada,CAN,2015,16236122.0,CA
Canada,CAN,2016,17242198.0,CA
Canada,CAN,2017,18380190.0,CA
Canada,CAN,2018,19210614.0,CA
Canada,CAN,2019,20711204.0,CA
Canada,CAN,2020,8820420.0,CA
Canada,CAN,2021,8552252.0,CA
Canada,CAN,2022,14941744.0,CA
Canada,CAN,2023,17636666.0,CA
Canada,CAN,2024,18846442.0,CA
Cape Verde,CPV,2013,146302.53,CV
Cape Verde,CPV,2014,146885.56,CV
Cape Verde,CPV,2015,163184.81,CV
Cape Verde,CPV,2016,201314.1,CV
Cape Verde,CPV,2017,218714.36,CV
Cape Verde,CPV,2018,258489.81,CV
Cape Verde,CPV,2019,263442.03,CV
Cape Verde,CPV,2020,103443.5,CV
Cape Verde,CPV,2021,109211.88,CV
Cape Verde,CPV,2022,288516.03,CV
Cape Verde,CPV,2023,335418.44,CV
Cape Verde,CPV,2024,326326.72,CV
Chad,TCD,2018,53054.367,TD
Chile,CHL,2013,2665815.0,CL
Chile,CHL,2014,2665108.5,CL
Chile,CHL,2015,2812148.0,CL
Chile,CHL,2016,3016839.5,CL
Chile,CHL,2017,3261715.2,CL
Chile,CHL,2018,3530959.2,CL
Chile,CHL,2019,3170215.0,CL
Chile,CHL,2020,1546299.9,CL
Chile,CHL,2021,1792093.0,CL
Chile,CHL,2022,2548026.0,CL
Chile,CHL,2023,2844872.5,CL
Chile,CHL,2024,3309881.5,CL
China,CHN,2013,58693020.0,CN
China,CHN,2014,63766744.0,CN
China,CHN,2015,70091736.0,CN
China,CHN,2016,77936350.0,CN
China,CHN,2017,86515080.0,CN
China,CHN,2018,94305950.0,CN
China,CHN,2019,109111680.0,CN
China,CHN,2020,70591656.0,CN
China,CHN,2021,72403850.0,CN
China,CHN,2022,45249456.0,CN
China,CHN,2023,91599816.0,CN
China,CHN,2024,105847370.0,CN
Colombia,COL,2013,2796759.0,CO
Colombia,COL,2014,3005553.0,CO
Colombia,COL,2015,3422920.5,CO
Colombia,COL,2016,3576113.0,CO
Colombia,COL,2017,3624550.5,CO
Colombia,COL,2018,3805355.2,CO
Colombia,COL,2019,3660272.0,CO
Colombia,COL,2020,1489278.8,CO
Colombia,COL,2021,2656723.5,CO
Colombia,COL,2022,3960160.2,CO
Colombia,COL,2023,4027090.5,CO
Colombia,COL,2024,4446319.5,CO
Comoros,COM,2015,19236.506,KM
Comoros,COM,2016,16207.482,KM
Comoros,COM,2017,24801.436,KM
Comoros,COM,2018,25388.324,KM
Congo,COG,2013,203506.9,CG
Congo,COG,2014,241899.05,CG
Congo,COG,2015,279082.75,CG
Congo,COG,2016,236566.89,CG
Congo,COG,2017,161493.86,CG
Congo,COG,2018,144104.94,CG
Congo,COG,2019,105237.28,CG
Congo,COG,2020,59229.055,CG
Congo,COG,2021,86007.38,CG
Congo,COG,2022,78189.445,CG
Congo,COG,2023,79071.89,CG
Congo,COG,2024,86596.95,CG
Cook Islands,COK,2013,48552.242,CK
Cook Islands,COK,2014,48953.35,CK
Cook Islands,COK,2015,48873.902,CK
Cook Islands,COK,2016,55350.273,CK
Cook Islands,COK,2017,55796.887,CK
Cook Islands,COK,2018,60243.383,CK
Cook Islands,COK,2021,11494.346,CK
Cook Islands,COK,2022,29257.664,CK
Cook Islands,COK,2023,41660.73,CK
Cook Islands,COK,2024,54273.395,CK
Costa Rica,CRI,2013,557977.9,CR
Costa Rica,CRI,2014,571865.25,CR
Costa Rica,CRI,2015,591708.4,CR
Costa Rica,CRI,2016,699609.2,CR
Costa Rica,CRI,2017,682916.8,CR
Costa Rica,CRI,2018,732715.3,CR
Costa Rica,CRI,2019,806127.4,CR
Costa Rica,CRI,2020,337362.0,CR
Costa Rica,CRI,2021,585786.44,CR
Costa Rica,CRI,2022,752333.06,CR
Costa Rica,CRI,2023,861820.2,CR
Costa Rica,CRI,2024,941453.25,CR
Cote d'Ivoire,CIV,2014,225748.4,CI
Cote d'Ivoire,CIV,2015,238003.17,CI
Cote d'Ivoire,CIV,2016,310133.97,CI
Cote d'Ivoire,CIV,2017,347789.78,CI
Cote d'Ivoire,CIV,2018,378570.4,CI
Cote d'Ivoire,CIV,2019,171286.72,CI
Cote d'Ivoire,CIV,2021,184250.75,CI
Cote d'Ivoire,CIV,2022,282739.88,CI
Cote d'Ivoire,CIV,2023,129471.46,CI
Cote d'Ivoire,CIV,2024,72826.89,CI
Croatia,HRV,2013,314342.88,HR
Croatia,HRV,2014,329687.5,HR
Croatia,HRV,2015,361921.03,HR
Croatia,HRV,2016,414682.94,HR
Croatia,HRV,2017,504167.34,HR
Croatia,HRV,2018,587313.0,HR
Croatia,HRV,2019,677025.9,HR
Croatia,HRV,2020,203149.86,HR
Croatia,HRV,2021,363367.4,HR
Croatia,HRV,2022,589434.75,HR
Croatia,HRV,2023,648810.9,HR
Croatia,HRV,2024,741377.8,HR
Cuba,CUB,2013,903946.56,CU
Cuba,CUB,2014,942515.7,CU
Cuba,CUB,2015,1098071.2,CU
Cuba,CUB,2016,1354024.0,CU
Cuba,CUB,2017,1584596.9,CU
Cuba,CUB,2018,1394514.9,CU
Cuba,CUB,2019,1158585.5,CU
Cuba,CUB,2022,580704.9,CU
Cuba,CUB,2023,762780.75,CU
Cuba,CUB,2024,742466.8,CU
Cyprus,CYP,2015,765053.0,CY
Cyprus,CYP,2016,830384.75,CY
Cyprus,CYP,2017,925327.2,CY
Cyprus,CYP,2021,559477.2,CY
Cyprus,CYP,2022,869801.2,CY
Cyprus,CYP,2023,1034530.44,CY
Cyprus,CYP,2024,1053414.4,CY
Czechia,CZE,2013,792871.94,CZ
Czechia,CZE,2014,794021.1,CZ
Czechia,CZE,2015,816738.8,CZ
Czechia,CZE,2016,954995.94,CZ
Czechia,CZE,2017,1109823.8,CZ
Czechia,CZE,2018,1279051.9,CZ
Czechia,CZE,2019,1352800.2,CZ
Czechia,CZE,2020,377765.38,CZ
Czechia,CZE,2021,428965.28,CZ
Czechia,CZE,2022,755190.75,CZ
Czechia,CZE,2023,948575.8,CZ
Czechia,CZE,2024,1177576.1,CZ
Democratic Republic of Congo,COD,2013,180282.92,CD
Democratic Republic of Congo,COD,2014,183447.4,CD
Democratic Republic of Congo,COD,2015,209211.42,CD
Democratic Republic of Congo,COD,2016,205506.0,CD
Democratic Republic of Congo,COD,2017,207083.42,CD
Democratic Republic of Congo,COD,2018,217818.62,CD
Democratic Republic of Congo,COD,2019,166792.38,CD
Democratic Republic of Congo,COD,2020,96676.53,CD
Democratic Republic of Congo,COD,2021,157393.77,CD
Denmark,DNK,2013,2227674.5,DK
Denmark,DNK,2014,2303075.0,DK
Denmark,DNK,2015,2433547.2,DK
Denmark,DNK,2016,2737899.8,DK
Denmark,DNK,2017,2782675.2,DK
Denmark,DNK,2018,2965439.2,DK
Denmark,DNK,2019,2971135.5,DK
Denmark,DNK,2020,1025384.9,DK
Denmark,DNK,2021,1241032.2,DK
Denmark,DNK,2022,2118448.0,DK
Denmark,DNK,2023,2422196.5,DK
Denmark,DNK,2024,2659548.8,DK
Dominican Republic,DOM,2013,1455697.6,DO
Dominican Republic,DOM,2014,1572078.8,DO
Dominican Republic,DOM,2015,1628338.9,DO
Dominican Republic,DOM,2016,1679567.2,DO
Dominican Republic,DOM,2017,1697133.5,DO
Dominican Republic,DOM,2018,1797103.8,DO
Dominican Republic,DOM,2019,1885430.6,DO
Dominican Republic,DOM,2020,846101.7,DO
Dominican Republic,DOM,2021,1469505.8,DO
Dominican Republic,DOM,2022,1862125.8,DO
Dominican Republic,DOM,2023,1891038.4,DO
Dominican Republic,DOM,2024,2039553.2,DO
East Timor,TLS,2019,15053.252,TL
East Timor,TLS,2020,5993.2915,TL
East Timor,TLS,2022,9613.073,TL
East Timor,TLS,2023,15829.136,TL
East Timor,TLS,2024,17720.941,TL
Ecuador,ECU,2013,903871.1,EC
Ecuador,ECU,2014,941528.2,EC
Ecuador,ECU,2015,888439.2,EC
Ecuador,ECU,2016,911739.75,EC
Ecuador,ECU,2017,873971.6,EC
Ecuador,ECU,2018,868924.94,EC
Ecuador,ECU,2019,891501.3,EC
Ecuador,ECU,2020,436681.2,EC
Ecuador,ECU,2021,622246.1,EC
Ecuador,ECU,2022,798306.75,EC
Ecuador,ECU,2023,906801.2,EC
Ecuador,ECU,2024,959951.56,EC
Egypt,EGY,2013,2792618.5,EG
Egypt,EGY,2014,2782792.5,EG
Egypt,EGY,2015,2968337.5,EG
Egypt,EGY,2016,2614504.5,EG
Egypt,EGY,2017,2753029.5,EG
Egypt,EGY,2018,2993539.5,EG
Egypt,EGY,2019,2890023.5,EG
Egypt,EGY,2020,1143271.1,EG
Egypt,EGY,2021,1881191.0,EG
Egypt,EGY,2022,2900659.8,EG
Egypt,EGY,2023,3659565.2,EG
Egypt,EGY,2024,4267266.0,EG
El Salvador,SLV,2019,533631.4,SV
El Salvador,SLV,2021,384896.12,SV
El Salvador,SLV,2022,404388.8,SV
El Salvador,SLV,2023,541138.25,SV
El Salvador,SLV,2024,596907.44,SV
Equatorial Guinea,GNQ,2013,63448.797,GQ
Equatorial Guinea,GNQ,2014,58210.72,GQ
Equatorial Guinea,GNQ,2015,82488.516,GQ
Equatorial Guinea,GNQ,2016,76296.73,GQ
Equatorial Guinea,GNQ,2017,75718.19,GQ
Equatorial Guinea,GNQ,2018,66382.8,GQ
Eritrea,ERI,2013,36375.293,ER
Eritrea,ERI,2014,27274.4,ER
Eritrea,ERI,2017,29286.373,ER
Eritrea,ERI,2018,50523.875,ER
Estonia,EST,2013,102772.22,EE
Estonia,EST,2014,111992.31,EE
Estonia,EST,2015,127531.01,EE
Estonia,EST,2016,135671.16,EE
Estonia,EST,2017,156984.5,EE
Estonia,EST,2018,168595.28,EE
Estonia,EST,2022,181167.6,EE
Ethiopia,ETH,2013,1125859.9,ET
Ethiopia,ETH,2014,1233026.4,ET
Ethiopia,ETH,2015,1463965.8,ET
Ethiopia,ETH,2016,1671405.1,ET
Ethiopia,ETH,2017,1810178.0,ET
Ethiopia,ETH,2018,2089555.5,ET
Ethiopia,ETH,2019,2265817.5,ET
Ethiopia,ETH,2020,1183888.1,ET
Ethiopia,ETH,2021,1544271.1,ET
Ethiopia,ETH,2022,1795011.8,ET
Ethiopia,ETH,2023,2283707.0,ET
Ethiopia,ETH,2024,2427664.0,ET
Fiji,FJI,2013,306758.62,FJ
Fiji,FJI,2014,311266.66,FJ
Fiji,FJI,2015,332431.53,FJ
Fiji,FJI,2016,368235.6,FJ
Fiji,FJI,2017,388742.53,FJ
Fiji,FJI,2018,420036.22,FJ
Fiji,FJI,2019,415137.16,FJ
Fiji,FJI,2020,117324.79,FJ
Fiji,FJI,2021,89006.83,FJ
Fiji,FJI,2022,259420.78,FJ
Fiji,FJI,2023,396902.38,FJ
Fiji,FJI,2024,430548.12,FJ
Finland,FIN,2013,1785723.1,FI
Finland,FIN,2014,1817864.5,FI
Finland,FIN,2015,1934752.5,FI
Finland,FIN,2016,1977577.8,FI
Finland,FIN,2017,2075602.8,FI
Finland,FIN,2018,2352636.8,FI
Finland,FIN,2019,2434024.2,FI
Finland,FIN,2020,864716.9,FI
Finland,FIN,2021,837422.6,FI
Finland,FIN,2022,1559566.0,FI
Finland,FIN,2023,1816349.9,FI
Finland,FIN,2024,1931600.2,FI
France,FRA,2013,19392612.0,FR
France,FRA,2014,19952844.0,FR
France,FRA,2015,20173416.0,FR
France,FRA,2016,20270432.0,FR
France,FRA,2017,20773766.0,FR
France,FRA,2018,21779800.0,FR
France,FRA,2019,22477580.0,FR
France,FRA,2020,10026056.0,FR
France,FRA,2021,11430324.0,FR
France,FRA,2022,17481900.0,FR
France,FRA,2023,19703268.0,FR
France,FRA,2024,20484012.0,FR
Gabon,GAB,2013,149613.84,GA
Gabon,GAB,2014,138820.83,GA
Gabon,GAB,2015,158185.6,GA
Gabon,GAB,2016,163290.61,GA
Gabon,GAB,2017,145858.45,GA
Gabon,GAB,2018,117562.95,GA
Gabon,GAB,2021,58821.59,GA
Gabon,GAB,2022,97539.93,GA
Gabon,GAB,2023,100428.07,GA
Gabon,GAB,2024,102353.195,GA
Georgia,GEO,2013,169672.5,GE
Georgia,GEO,2014,185351.06,GE
Georgia,GEO,2015,197506.97,GE
Georgia,GEO,2016,222362.52,GE
Georgia,GEO,2017,306581.53,GE
Georgia,GEO,2018,403434.28,GE
Georgia,GEO,2019,365665.28,GE
Georgia,GEO,2020,93668.69,GE
Georgia,GEO,2024,546810.25,GE
Germany,DEU,2013,22457504.0,DE
Germany,DEU,2014,23227958.0,DE
Germany,DEU,2015,24086176.0,DE
Germany,DEU,2016,24827734.0,DE
Germany,DEU,2017,25240464.0,DE
Germany,DEU,2018,25708864.0,DE
Germany,DEU,2019,26098392.0,DE
Germany,DEU,2020,9669638.0,DE
Germany,DEU,2021,11098691.0,DE
Germany,DEU,2022,17866070.0,DE
Germany,DEU,2023,20385050.0,DE
Germany,DEU,2024,21716548.0,DE
Ghana,GHA,2013,518065.4,GH
Ghana,GHA,2014,568565.8,GH
Ghana,GHA,2015,539204.9,GH
Ghana,GHA,2016,587389.06,GH
Ghana,GHA,2017,593975.6,GH
Ghana,GHA,2018,588390.94,GH
Ghana,GHA,2021,442901.25,GH
Ghana,GHA,2022,550350.7,GH
Ghana,GHA,2023,532819.5,GH
Ghana,GHA,2024,552542.06,GH
Greece,GRC,2013,1956750.5,GR
Greece,GRC,2014,2305529.8,GR
Greece,GRC,2015,2676013.8,GR
Greece,GRC,2016,2937505.0,GR
Greece,GRC,2017,3161480.5,GR
Greece,GRC,2018,3662889.8,GR
Greece,GRC,2019,3897872.5,GR
Greece,GRC,2020,1481998.2,GR
Greece,GRC,2021,2757269.8,GR
Greece,GRC,2022,4132473.2,GR
Greece,GRC,2023,4460585.5,GR
Greece,GRC,2024,4895544.0,GR
Guatemala,GTM,2013,183819.69,GT
Guatemala,GTM,2014,201151.28,GT
Guatemala,GTM,2015,198657.73,GT
Guatemala,GTM,2016,209058.88,GT
Guatemala,GTM,2017,217886.67,GT
Guatemala,GTM,2018,240569.1,GT
Guatemala,GTM,2019,281211.47,GT
Guatemala,GTM,2020,114245.164,GT
Guatemala,GTM,2021,229501.34,GT
Guatemala,GTM,2022,283276.94,GT
Guatemala,GTM,2023,335863.56,GT
Guatemala,GTM,2024,374859.34,GT
Haiti,HTI,2013,101847.47,HT
Haiti,HTI,2014,118012.836,HT
Haiti,HTI,2015,110196.734,HT
Haiti,HTI,2016,115817.96,HT
Haiti,HTI,2017,124230.37,HT
Haiti,HTI,2018,151507.56,HT
Haiti,HTI,2021,79252.98,HT
Haiti,HTI,2022,55283.19,HT
Haiti,HTI,2023,52899.91,HT
Honduras,HND,2013,128221.914,HN
Honduras,HND,2014,126417.266,HN
Honduras,HND,2015,122458.49,HN
Honduras,HND,2016,123900.0,HN
Honduras,HND,2017,135071.98,HN
Honduras,HND,2018,138282.02,HN
Honduras,HND,2019,162251.64,HN
Honduras,HND,2020,67881.14,HN
Honduras,HND,2021,145401.55,HN
Honduras,HND,2022,132025.62,HN
Honduras,HND,2023,170467.56,HN
Honduras,HND,2024,216007.02,HN
Hong Kong,HKG,2024,9730094.0,HK
Hungary,HUN,2018,945409.3,HU
Hungary,HUN,2021,391614.9,HU
Hungary,HUN,2022,783788.56,HU
Hungary,HUN,2023,960276.4,HU
Hungary,HUN,2024,1170880.5,HU
Iceland,ISL,2013,452656.78,IS
Iceland,ISL,2014,536320.25,IS
Iceland,ISL,2015,645138.25,IS
Iceland,ISL,2016,901016.2,IS
Iceland,ISL,2017,1154099.1,IS
Iceland,ISL,2018,1309311.9,IS
Iceland,ISL,2019,1205579.8,IS
Iceland,ISL,2020,298406.84,IS
Iceland,ISL,2021,426780.38,IS
Iceland,ISL,2022,875032.3,IS
Iceland,ISL,2023,988061.2,IS
Iceland,ISL,2024,1014980.1,IS
India,IND,2013,14596976.0,IN
India,IND,2014,15258393.0,IN
India,IND,2015,16293406.0,IN
India,IND,2016,18413726.0,IN
India,IND,2017,20646592.0,IN
India,IND,2018,23073864.0,IN
India,IND,2019,22514864.0,IN
India,IND,2020,10591444.0,IN
India,IND,2021,13125992.0,IN
India,IND,2022,18926570.0,IN
India,IND,2023,22478954.0,IN
India,IND,2024,24780036.0,IN
Indonesia,IDN,2013,10187038.0,ID
Indonesia,IDN,2014,11131188.0,ID
Indonesia,IDN,2015,12085634.0,ID
Indonesia,IDN,2016,13177270.0,ID
Indonesia,IDN,2017,14813238.0,ID
Indonesia,IDN,2018,15544740.0,ID
Indonesia,IDN,2019,12067947.0,ID
Indonesia,IDN,2020,5736663.0,ID
Indonesia,IDN,2021,4674657.5,ID
Indonesia,IDN,2022,7305883.0,ID
Indonesia,IDN,2023,9914948.0,ID
Indonesia,IDN,2024,10574371.0,ID
Iran,IRN,2013,1806669.0,IR
Iran,IRN,2014,2025429.8,IR
Iran,IRN,2015,1928283.8,IR
Iran,IRN,2016,2440322.5,IR
Iran,IRN,2017,3119318.0,IR
Iran,IRN,2018,3216020.5,IR
Iran,IRN,2019,1164183.1,IR
Iran,IRN,2020,494768.72,IR
Iran,IRN,2021,600933.9,IR
Iran,IRN,2022,620985.9,IR
Iran,IRN,2023,694274.1,IR
Iran,IRN,2024,686461.9,IR
Iraq,IRQ,2013,307937.62,IQ
Iraq,IRQ,2014,554708.25,IQ
Iraq,IRQ,2015,644520.0,IQ
Iraq,IRQ,2016,814362.25,IQ
Iraq,IRQ,2017,678376.4,IQ
Iraq,IRQ,2018,709587.25,IQ
Iraq,IRQ,2019,510951.0,IQ
Iraq,IRQ,2021,262468.8,IQ
Iraq,IRQ,2022,343584.75,IQ
Iraq,IRQ,2023,394137.0,IQ
Iraq,IRQ,2024,413345.75,IQ
Ireland,IRL,2013,1791548.4,IE
Ireland,IRL,2014,1976337.6,IE
Ireland,IRL,2015,2247279.5,IE
Ireland,IRL,2016,2483976.5,IE
Ireland,IRL,2017,2773709.5,IE
Ireland,IRL,2018,3054874.2,IE
Ireland,IRL,2019,3202413.2,IE
Ireland,IRL,2020,1176798.0,IE
Ireland,IRL,2021,1138713.8,IE
Ireland,IRL,2022,2762353.2,IE
Ireland,IRL,2023,3100927.2,IE
Ireland,IRL,2024,3125243.8,IE
Israel,ISR,2013,2120523.0,IL
Israel,ISR,2014,2231792.0,IL
Israel,ISR,2015,2317129.8,IL
Israel,ISR,2016,2452948.0,IL
Israel,ISR,2017,2768328.8,IL
Israel,ISR,2018,3094809.8,IL
Israel,ISR,2019,3290681.5,IL
Israel,ISR,2020,1086389.5,IL
Israel,ISR,2021,1350726.8,IL
Israel,ISR,2022,2432198.0,IL
Israel,ISR,2023,2662488.8,IL
Israel,ISR,2024,1618955.8,IL
Italy,ITA,2013,10086854.0,IT
Italy,ITA,2014,10458492.0,IT
Italy,ITA,2015,10936170.0,IT
Italy,ITA,2016,11624050.0,IT
Italy,ITA,2017,12060305.0,IT
Italy,ITA,2018,13014944.0,IT
Italy,ITA,2019,13797322.0,IT
Italy,ITA,2020,4511686.5,IT
Italy,ITA,2021,5811581.0,IT
Italy,ITA,2022,10595290.0,IT
Italy,ITA,2023,12430346.0,IT
Italy,ITA,2024,14278832.0,IT
Jamaica,JAM,2013,532224.3,JM
Jamaica,JAM,2014,597484.75,JM
Jamaica,JAM,2015,607874.8,JM
Jamaica,JAM,2016,620830.06,JM
Jamaica,JAM,2017,649537.9,JM
Jamaica,JAM,2018,686276.5,JM
Jamaica,JAM,2019,697792.06,JM
Jamaica,JAM,2021,400721.7,JM
Jamaica,JAM,2022,612926.8,JM
Jamaica,JAM,2023,666944.75,JM
Jamaica,JAM,2024,658997.25,JM
Japan,JPN,2013,26101030.0,JP
Japan,JPN,2014,26833504.0,JP
Japan,JPN,2015,27395602.0,JP
Japan,JPN,2016,27935552.0,JP
Japan,JPN,2017,28344838.0,JP
Japan,JPN,2018,29116276.0,JP
Japan,JPN,2019,30037716.0,JP
Japan,JPN,2020,14625888.0,JP
Japan,JPN,2021,13447762.0,JP
Japan,JPN,2022,17771756.0,JP
Japan,JPN,2023,23961202.0,JP
Japan,JPN,2024,27390932.0,JP
Jordan,JOR,2013,852174.5,JO
Jordan,JOR,2014,867918.7,JO
Jordan,JOR,2015,818739.94,JO
Jordan,JOR,2016,850269.0,JO
Jordan,JOR,2017,846495.1,JO
Jordan,JOR,2018,891550.2,JO
Jordan,JOR,2019,908919.7,JO
Jordan,JOR,2021,513006.9,JO
Jordan,JOR,2022,808422.3,JO
Jordan,JOR,2023,903682.3,JO
Jordan,JOR,2024,845146.2,JO
Kazakhstan,KAZ,2013,1067842.5,KZ
Kazakhstan,KAZ,2014,1164055.8,KZ
Kazakhstan,KAZ,2015,1194497.6,KZ
Kazakhstan,KAZ,2016,1223728.9,KZ
Kazakhstan,KAZ,2017,1397944.2,KZ
Kazakhstan,KAZ,2018,1405344.4,KZ
Kazakhstan,KAZ,2019,1284657.8,KZ
Kazakhstan,KAZ,2020,740977.25,KZ
Kazakhstan,KAZ,2021,1105013.2,KZ
Kazakhstan,KAZ,2022,1423415.2,KZ
Kazakhstan,KAZ,2023,1794828.5,KZ
Kazakhstan,KAZ,2024,2008884.2,KZ
Kenya,KEN,2013,1329224.6,KE
Kenya,KEN,2014,1326594.6,KE
Kenya,KEN,2015,1224974.5,KE
Kenya,KEN,2016,1250924.4,KE
Kenya,KEN,2017,1357785.4,KE
Kenya,KEN,2018,1454068.1,KE
Kenya,KEN,2019,1133808.2,KE
Kenya,KEN,2020,568722.25,KE
Kenya,KEN,2021,770653.5,KE
Kenya,KEN,2022,983656.9,KE
Kenya,KEN,2023,1254999.8,KE
Kenya,KEN,2024,1451385.1,KE
Kiribati,KIR,2016,7497.8267,KI
Kiribati,KIR,2017,10220.225,KI
Kiribati,KIR,2018,10110.314,KI
Kiribati,KIR,2024,10273.5205,KI
Kyrgyzstan,KGZ,2013,275307.8,KG
Kyrgyzstan,KGZ,2014,330646.9,KG
Kyrgyzstan,KGZ,2015,298245.62,KG
Kyrgyzstan,KGZ,2016,305175.56,KG
Kyrgyzstan,KGZ,2017,308901.0,KG
Kyrgyzstan,KGZ,2018,267070.84,KG
Kyrgyzstan,KGZ,2019,246557.7,KG
Kyrgyzstan,KGZ,2020,154629.22,KG
Kyrgyzstan,KGZ,2021,279759.06,KG
Kyrgyzstan,KGZ,2022,422810.78,KG
Kyrgyzstan,KGZ,2023,418701.78,KG
Kyrgyzstan,KGZ,2024,420541.84,KG
Laos,LAO,2013,109614.516,LA
Laos,LAO,2014,104363.97,LA
Laos,LAO,2015,110232.5,LA
Laos,LAO,2016,136463.98,LA
Laos,LAO,2017,170821.98,LA
Laos,LAO,2018,206000.97,LA
Laos,LAO,2019,174052.75,LA
Laos,LAO,2021,13726.035,LA
Laos,LAO,2022,39249.816,LA
Laos,LAO,2023,100218.125,LA
Laos,LAO,2024,171639.97,LA
Latvia,LVA,2017,306908.8,LV
Latvia,LVA,2018,329699.0,LV
Latvia,LVA,2019,429453.72,LV
Libya,LBY,2013,400692.1,LY
Libya,LBY,2014,389125.9,LY
Libya,LBY,2015,129587.92,LY
Libya,LBY,2016,140734.42,LY
Libya,LBY,2017,129855.44,LY
Libya,LBY,2018,103913.41,LY
Libya,LBY,2019,78793.65,LY
Libya,LBY,2021,87234.01,LY
Libya,LBY,2022,105576.73,LY
Libya,LBY,2023,179641.11,LY
Libya,LBY,2024,208051.75,LY
Lithuania,LTU,2019,341613.7,LT
Lithuania,LTU,2020,140523.08,LT
Lithuania,LTU,2021,193180.77,LT
Lithuania,LTU,2022,318307.25,LT
Lithuania,LTU,2023,340869.84,LT
Lithuania,LTU,2024,369208.75,LT
Madagascar,MDG,2013,203053.9,MG
Madagascar,MDG,2014,193359.6,MG
Madagascar,MDG,2015,199098.86,MG
Madagascar,MDG,2016,187665.33,MG
Madagascar,MDG,2017,193068.78,MG
Madagascar,MDG,2018,210207.16,MG
Madagascar,MDG,2019,175827.81,MG
Madagascar,MDG,2021,53693.64,MG
Madagascar,MDG,2022,121589.43,MG
Madagascar,MDG,2023,166831.34,MG
Madagascar,MDG,2024,156902.52,MG
Malawi,MWI,2013,35073.14,MW
Malawi,MWI,2014,61578.387,MW
Malawi,MWI,2015,56981.44,MW
Malawi,MWI,2016,46414.883,MW
Malawi,MWI,2017,50556.652,MW
Malawi,MWI,2018,62058.5,MW
Malawi,MWI,2024,45380.18,MW
Malaysia,MYS,2013,7313033.0,MY
Malaysia,MYS,2014,8042852.0,MY
Malaysia,MYS,2015,7966163.5,MY
Malaysia,MYS,2016,7675840.0,MY
Malaysia,MYS,2017,8209377.0,MY
Malaysia,MYS,2018,8284597.0,MY
Malaysia,MYS,2019,8395227.0,MY
Malaysia,MYS,2020,2716705.2,MY
Malaysia,MYS,2021,1806614.2,MY
Malaysia,MYS,2022,4143219.0,MY
Malaysia,MYS,2023,6278370.5,MY
Malaysia,MYS,2024,7226083.0,MY
Maldives,MDV,2013,574173.9,MV
Maldives,MDV,2014,637919.9,MV
Maldives,MDV,2015,628213.44,MV
Maldives,MDV,2016,660424.4,MV
Maldives,MDV,2017,662803.44,MV
Maldives,MDV,2018,686658.1,MV
Maldives,MDV,2019,728986.94,MV
Maldives,MDV,2021,724277.44,MV
Maldives,MDV,2022,799892.56,MV
Maldives,MDV,2023,818260.3,MV
Maldives,MDV,2024,914955.06,MV
Marshall Islands,MHL,2013,10800.758,MH
Marshall Islands,MHL,2014,12071.929,MH
Marshall Islands,MHL,2015,11864.821,MH
Marshall Islands,MHL,2016,13013.1,MH
Marshall Islands,MHL,2017,15544.395,MH
Marshall Islands,MHL,2018,18031.75,MH
Marshall Islands,MHL,2019,37375.29,MH
Marshall Islands,MHL,2020,17156.787,MH
Marshall Islands,MHL,2021,19988.133,MH
Marshall Islands,MHL,2022,20413.623,MH
Marshall Islands,MHL,2023,24643.734,MH
Marshall Islands,MHL,2024,30508.432,MH
Mauritania,MRT,2013,59188.977,MR
Mauritania,MRT,2014,62826.887,MR
Mauritania,MRT,2015,62175.29,MR
Mauritania,MRT,2016,62264.168,MR
Mauritania,MRT,2017,67609.984,MR
Mauritania,MRT,2018,72866.586,MR
Mauritania,MRT,2021,49715.043,MR
Mauritania,MRT,2022,66054.766,MR
Mauritius,MUS,2013,720057.44,MU
Mauritius,MUS,2014,757358.8,MU
Mauritius,MUS,2015,821610.25,MU
Mauritius,MUS,2016,909932.4,MU
Mauritius,MUS,2017,974948.75,MU
Mauritius,MUS,2018,984081.44,MU
Mexico,MEX,2013,7891406.0,MX
Mexico,MEX,2014,8530064.0,MX
Mexico,MEX,2015,9291230.0,MX
Mexico,MEX,2016,10116155.0,MX
Mexico,MEX,2017,10985653.0,MX
Mexico,MEX,2018,11804818.0,MX
Mexico,MEX,2019,12384220.0,MX
Mexico,MEX,2020,7055921.0,MX
Mexico,MEX,2021,10113878.0,MX
Mexico,MEX,2022,12448054.0,MX
Mexico,MEX,2023,13332190.0,MX
Mexico,MEX,2024,13493034.0,MX
Micronesia (country),FSM,2013,13281.735,FM
Micronesia (country),FSM,2014,13286.57,FM
Micronesia (country),FSM,2015,14130.702,FM
Micronesia (country),FSM,2016,16236.637,FM
Micronesia (country),FSM,2017,17037.922,FM
Micronesia (country),FSM,2018,19302.453,FM
Micronesia (country),FSM,2019,24700.86,FM
Micronesia (country),FSM,2020,9642.273,FM
Micronesia (country),FSM,2021,8728.835,FM
Micronesia (country),FSM,2022,13191.44,FM
Micronesia (country),FSM,2023,18467.387,FM
Micronesia (country),FSM,2024,23205.957,FM
Mongolia,MNG,2013,171645.67,MN
Mongolia,MNG,2014,140009.0,MN
Mongolia,MNG,2015,104427.81,MN
Mongolia,MNG,2016,103328.33,MN
Mongolia,MNG,2017,115423.586,MN
Mongolia,MNG,2018,121092.64,MN
Montenegro,MNE,2013,79828.85,ME
Morocco,MAR,2013,1651575.1,MA
Morocco,MAR,2014,1774791.4,MA
Morocco,MAR,2015,1834989.5,MA
Morocco,MAR,2016,1883372.5,MA
Morocco,MAR,2017,2085549.8,MA
Morocco,MAR,2018,2277299.2,MA
Morocco,MAR,2019,2385452.5,MA
Morocco,MAR,2021,943317.4,MA
Morocco,MAR,2022,1813409.0,MA
Morocco,MAR,2023,2254483.5,MA
Morocco,MAR,2024,2623191.2,MA
Mozambique,MOZ,2013,199505.4,MZ
Mozambique,MOZ,2014,203919.28,MZ
Mozambique,MOZ,2015,215472.02,MZ
Mozambique,MOZ,2016,202565.98,MZ
Mozambique,MOZ,2017,201243.9,MZ
Mozambique,MOZ,2018,219920.94,MZ
Mozambique,MOZ,2019,113851.836,MZ
Mozambique,MOZ,2020,64093.93,MZ
Mozambique,MOZ,2021,102610.44,MZ
Mozambique,MOZ,2022,150061.97,MZ
Mozambique,MOZ,2023,160869.05,MZ
Mozambique,MOZ,2024,178466.2,MZ
Myanmar,MMR,2013,346128.34,MM
Myanmar,MMR,2014,363833.56,MM
Myanmar,MMR,2015,481441.16,MM
Myanmar,MMR,2016,592371.4,MM
Myanmar,MMR,2017,680870.9,MM
Myanmar,MMR,2018,629235.3,MM
Myanmar,MMR,2019,570156.44,MM
Myanmar,MMR,2021,91914.81,MM
Myanmar,MMR,2022,147456.73,MM
Myanmar,MMR,2023,208118.22,MM
Myanmar,MMR,2024,181382.66,MM
Namibia,NAM,2013,146504.39,NA
Namibia,NAM,2014,141736.12,NA
Namibia,NAM,2015,167084.88,NA
Namibia,NAM,2016,174579.03,NA
Namibia,NAM,2017,240756.17,NA
Namibia,NAM,2018,254289.88,NA
Namibia,NAM,2019,183267.84,NA
Namibia,NAM,2022,123602.055,NA
Namibia,NAM,2023,159030.72,NA
Namibia,NAM,2024,164637.66,NA
Nepal,NPL,2013,410485.72,NP
Nepal,NPL,2014,475493.88,NP
Nepal,NPL,2015,448820.8,NP
Nepal,NPL,2016,449037.2,NP
Nepal,NPL,2017,557236.25,NP
Nepal,NPL,2018,617436.3,NP
Nepal,NPL,2022,594165.5,NP
Nepal,NPL,2023,603215.8,NP
Nepal,NPL,2024,552968.94,NP
Netherlands,NLD,2013,7859429.0,NL
Netherlands,NLD,2014,8017811.0,NL
Netherlands,NLD,2015,8407953.0,NL
Netherlands,NLD,2016,8969127.0,NL
Netherlands,NLD,2017,9475232.0,NL
Netherlands,NLD,2018,9958722.0,NL
Netherlands,NLD,2019,10217228.0,NL
Netherlands,NLD,2020,5310349.5,NL
Netherlands,NLD,2021,5962390.5,NL
Netherlands,NLD,2022,7853536.0,NL
Netherlands,NLD,2023,8561452.0,NL
Netherlands,NLD,2024,9138794.0,NL
New Zealand,NZL,2013,3072976.2,NZ
New Zealand,NZL,2014,3151131.8,NZ
New Zealand,NZL,2015,3314794.5,NZ
New Zealand,NZL,2016,3867993.5,NZ
New Zealand,NZL,2017,4382265.0,NZ
New Zealand,NZL,2018,4571307.0,NZ
New Zealand,NZL,2019,4530525.5,NZ
New Zealand,NZL,2020,2197627.0,NZ
New Zealand,NZL,2021,1622873.5,NZ
New Zealand,NZL,2022,2266529.0,NZ
New Zealand,NZL,2023,3645798.0,NZ
New Zealand,NZL,2024,4031796.5,NZ
Nicaragua,NIC,2016,105156.05,NI
Nicaragua,NIC,2017,109429.2,NI
Nicaragua,NIC,2018,82072.945,NI
Nicaragua,NIC,2024,88752.5,NI
Niger,NER,2013,57468.777,NE
Niger,NER,2014,61687.08,NE
Niger,NER,2015,69424.15,NE
Niger,NER,2016,71897.3,NE
Niger,NER,2017,74275.24,NE
Niger,NER,2018,81168.875,NE
Nigeria,NGA,2013,1652222.0,NG
Nigeria,NGA,2014,1757834.5,NG
Nigeria,NGA,2015,1690663.9,NG
Nigeria,NGA,2016,1462608.5,NG
Nigeria,NGA,2017,1314797.1,NG
Nigeria,NGA,2018,1482698.4,NG
Nigeria,NGA,2019,1167243.6,NG
Nigeria,NGA,2020,551366.44,NG
Nigeria,NGA,2021,811423.0,NG
Nigeria,NGA,2022,1055993.5,NG
Nigeria,NGA,2023,1054152.0,NG
Nigeria,NGA,2024,1075988.0,NG
North Macedonia,MKD,2013,55678.523,MK
North Macedonia,MKD,2014,68923.7,MK
North Macedonia,MKD,2015,83880.31,MK
Norway,NOR,2013,2752398.0,NO
Norway,NOR,2014,2824811.2,NO
Norway,NOR,2015,2830799.5,NO
Norway,NOR,2016,2842861.0,NO
Norway,NOR,2017,2858055.0,NO
Norway,NOR,2018,2973743.8,NO
Norway,NOR,2019,2860174.0,NO
Norway,NOR,2020,1373608.0,NO
Norway,NOR,2021,1460526.2,NO
Norway,NOR,2022,2524234.2,NO
Norway,NOR,2023,2621709.0,NO
Norway,NOR,2024,2713949.5,NO
OECD,,2019,505450600.0,
OECD,,2020,237835970.0,
OECD,,2021,288767550.0,
OECD,,2022,400305400.0,
OECD,,2023,458827700.0,
OECD,,2024,490753660.0,
Oman,OMN,2013,961515.2,OM
Oman,OMN,2014,991853.9,OM
Oman,OMN,2015,1246875.4,OM
Oman,OMN,2016,1430721.2,OM
Oman,OMN,2017,1705861.9,OM
Oman,OMN,2018,1818742.4,OM
Oman,OMN,2019,1804981.0,OM
Oman,OMN,2020,489220.22,OM
Oman,OMN,2021,482911.2,OM
Oman,OMN,2022,961317.4,OM
Oman,OMN,2023,1372615.8,OM
Oman,OMN,2024,1278086.5,OM
Pakistan,PAK,2013,1921941.8,PK
Pakistan,PAK,2014,1832829.6,PK
Pakistan,PAK,2015,2043151.9,PK
Pakistan,PAK,2016,2228623.2,PK
Pakistan,PAK,2017,2333012.5,PK
Pakistan,PAK,2018,2342934.8,PK
Pakistan,PAK,2019,2170632.2,PK
Pakistan,PAK,2020,1147595.2,PK
Pakistan,PAK,2021,1341200.2,PK
Pakistan,PAK,2022,1931747.9,PK
Pakistan,PAK,2023,1977266.8,PK
Pakistan,PAK,2024,2079155.9,PK
Panama,PAN,2013,1409113.6,PA
Panama,PAN,2014,1612576.5,PA
Panama,PAN,2015,1745233.0,PA
Panama,PAN,2016,1841383.8,PA
Panama,PAN,2017,1930883.2,PA
Panama,PAN,2018,2008983.6,PA
Panama,PAN,2019,2044128.1,PA
Panama,PAN,2020,670327.8,PA
Panama,PAN,2021,1097668.6,PA
Panama,PAN,2022,1742578.9,PA
Panama,PAN,2023,1995278.5,PA
Panama,PAN,2024,2038614.8,PA
Papua New Guinea,PNG,2013,236050.02,PG
Papua New Guinea,PNG,2014,270469.16,PG
Papua New Guinea,PNG,2015,276325.5,PG
Papua New Guinea,PNG,2016,270911.3,PG
Papua New Guinea,PNG,2017,293246.03,PG
Papua New Guinea,PNG,2018,271870.7,PG
Papua New Guinea,PNG,2021,49165.652,PG
Papua New Guinea,PNG,2022,63970.35,PG
Paraguay,PRY,2013,98411.78,PY
Paraguay,PRY,2014,111384.22,PY
Paraguay,PRY,2015,96854.414,PY
Paraguay,PRY,2016,123387.54,PY
Paraguay,PRY,2017,149265.94,PY
Paraguay,PRY,2018,170988.28,PY
Paraguay,PRY,2019,142134.2,PY
Paraguay,PRY,2020,45663.273,PY
Paraguay,PRY,2021,84745.53,PY
Paraguay,PRY,2022,134868.88,PY
Paraguay,PRY,2023,154210.78,PY
Paraguay,PRY,2024,165970.0,PY
Peru,PER,2013,2395964.2,PE
Peru,PER,2014,2448630.0,PE
Peru,PER,2015,2584904.0,PE
Peru,PER,2016,2839795.0,PE
Peru,PER,2017,2980733.0,PE
Peru,PER,2018,3167237.0,PE
Peru,PER,2019,2812679.5,PE
Peru,PER,2020,953293.25,PE
Peru,PER,2021,1400353.8,PE
Peru,PER,2022,2043562.4,PE
Peru,PER,2023,2397506.0,PE
Peru,PER,2024,2646718.8,PE
Philippines,PHL,2013,4766493.0,PH
Philippines,PHL,2014,4954307.0,PH
Philippines,PHL,2015,5157558.5,PH
Philippines,PHL,2016,5653291.0,PH
Philippines,PHL,2017,6164551.0,PH
Philippines,PHL,2018,6499220.5,PH
Philippines,PHL,2019,6809604.0,PH
Philippines,PHL,2020,2462166.2,PH
Philippines,PHL,2021,2153157.5,PH
Philippines,PHL,2022,4255400.5,PH
Philippines,PHL,2023,5558570.0,PH
Philippines,PHL,2024,6100960.0,PH
Poland,POL,2013,1393346.9,PL
Poland,POL,2014,1446165.2,PL
Poland,POL,2015,1581522.4,PL
Poland,POL,2016,1855305.8,PL
Poland,POL,2017,2217578.5,PL
Poland,POL,2018,2614434.2,PL
Poland,POL,2019,3012347.5,PL
Poland,POL,2020,1242958.8,PL
Poland,POL,2021,1617565.8,PL
Poland,POL,2022,2678790.8,PL
Poland,POL,2023,3162979.5,PL
Poland,POL,2024,3557345.8,PL
Portugal,PRT,2013,3065104.0,PT
Portugal,PRT,2014,3260431.0,PT
Portugal,PRT,2015,3457172.0,PT
Portugal,PRT,2016,3809848.5,PT
Portugal,PRT,2017,4301552.5,PT
Portugal,PRT,2018,4710623.0,PT
Portugal,PRT,2019,5087823.0,PT
Portugal,PRT,2020,2008937.4,PT
Portugal,PRT,2021,2601854.2,PT
Portugal,PRT,2022,4782634.5,PT
Portugal,PRT,2023,5432128.5,PT
Portugal,PRT,2024,5718987.0,PT
Qatar,QAT,2021,7062559.5,QA
Qatar,QAT,2022,8876331.0,QA
Qatar,QAT,2023,10265832.0,QA
Qatar,QAT,2024,11488013.0,QA
Romania,ROU,2013,723209.4,RO
Romania,ROU,2014,790918.5,RO
Romania,ROU,2015,882743.5,RO
Romania,ROU,2016,1057415.9,RO
Romania,ROU,2017,1238982.9,RO
Romania,ROU,2018,1311374.8,RO
Romania,ROU,2019,1333929.9,RO
Romania,ROU,2020,601036.75,RO
Romania,ROU,2021,857598.44,RO
Romania,ROU,2022,1313935.6,RO
Romania,ROU,2023,1364177.2,RO
Romania,ROU,2024,1473407.4,RO
Russia,RUS,2013,14261498.0,RU
Russia,RUS,2014,15018814.0,RU
Russia,RUS,2015,14656826.0,RU
Russia,RUS,2016,13929430.0,RU
Russia,RUS,2017,15720598.0,RU
Russia,RUS,2018,17822850.0,RU
Russia,RUS,2019,19156546.0,RU
Russia,RUS,2020,11669832.0,RU
Russia,RUS,2021,16174772.0,RU
Russia,RUS,2022,14452173.0,RU
Russia,RUS,2023,14738956.0,RU
Russia,RUS,2024,14723488.0,RU
Rwanda,RWA,2013,84773.375,RW
Rwanda,RWA,2014,88630.43,RW
Rwanda,RWA,2015,106929.67,RW
Rwanda,RWA,2016,127152.71,RW
Rwanda,RWA,2017,181956.23,RW
Rwanda,RWA,2018,171818.72,RW
Rwanda,RWA,2021,82845.17,RW
Rwanda,RWA,2023,147954.78,RW
Saint Kitts and Nevis,KNA,2013,21990.037,KN
Saint Kitts and Nevis,KNA,2014,23085.348,KN
Saint Kitts and Nevis,KNA,2015,23600.848,KN
Saint Kitts and Nevis,KNA,2016,24350.076,KN
Saint Kitts and Nevis,KNA,2017,23726.12,KN
Saint Kitts and Nevis,KNA,2018,24990.55,KN
Saint Kitts and Nevis,KNA,2019,30086.174,KN
Saint Kitts and Nevis,KNA,2020,12978.729,KN
Saint Kitts and Nevis,KNA,2021,9937.86,KN
Saint Kitts and Nevis,KNA,2023,23440.309,KN
Saint Kitts and Nevis,KNA,2024,29863.465,KN
Saint Vincent and the Grenadines,VCT,2019,19685.951,VC
Saint Vincent and the Grenadines,VCT,2020,14658.888,VC
Saint Vincent and the Grenadines,VCT,2021,18571.771,VC
Saint Vincent and the Grenadines,VCT,2022,27854.484,VC
Saint Vincent and the Grenadines,VCT,2023,28855.693,VC
Samoa,WSM,2015,38528.633,WS
Sao Tome and Principe,STP,2015,15078.162,ST
Sao Tome and Principe,STP,2016,13287.125,ST
Sao Tome and Principe,STP,2017,11657.753,ST
Sao Tome and Principe,STP,2018,9118.594,ST
Sao Tome and Principe,STP,2024,16310.596,ST
Saudi Arabia,SAU,2013,6393123.0,SA
Saudi Arabia,SAU,2014,7399462.5,SA
Saudi Arabia,SAU,2015,7983059.0,SA
Saudi Arabia,SAU,2016,8875366.0,SA
Saudi Arabia,SAU,2017,9428761.0,SA
Saudi Arabia,SAU,2018,9462851.0,SA
Saudi Arabia,SAU,2019,9278226.0,SA
Saudi Arabia,SAU,2020,3429559.0,SA
Saudi Arabia,SAU,2021,4186322.0,SA
Saudi Arabia,SAU,2022,7555056.0,SA
Saudi Arabia,SAU,2023,9308296.0,SA
Saudi Arabia,SAU,2024,10371516.0,SA
Senegal,SEN,2013,460889.06,SN
Senegal,SEN,2014,461815.12,SN
Senegal,SEN,2015,398505.56,SN
Senegal,SEN,2016,388669.22,SN
Senegal,SEN,2017,415175.12,SN
Senegal,SEN,2018,422940.12,SN
Senegal,SEN,2019,450479.34,SN
Senegal,SEN,2020,292764.4,SN
Senegal,SEN,2021,385178.12,SN
Senegal,SEN,2022,439831.22,SN
Senegal,SEN,2023,430043.12,SN
Senegal,SEN,2024,402619.94,SN
Serbia,SRB,2021,294201.03,RS
Serbia,SRB,2022,414782.16,RS
Serbia,SRB,2023,559017.9,RS
Serbia,SRB,2024,558042.9,RS
Seychelles,SYC,2013,153847.89,SC
Seychelles,SYC,2014,148208.84,SC
Seychelles,SYC,2015,172959.72,SC
Seychelles,SYC,2016,210220.17,SC
Seychelles,SYC,2017,254438.95,SC
Seychelles,SYC,2018,263078.5,SC
Seychelles,SYC,2021,199174.81,SC
Seychelles,SYC,2022,300168.22,SC
Seychelles,SYC,2023,237567.73,SC
Seychelles,SYC,2024,191405.05,SC
Singapore,SGP,2019,12750403.0,SG
Singapore,SGP,2020,4147133.8,SG
Singapore,SGP,2022,7020379.5,SG
Singapore,SGP,2023,10273008.0,SG
Singapore,SGP,2024,11837335.0,SG
Slovakia,SVK,2013,73502.664,SK
Slovakia,SVK,2014,92237.74,SK
Slovakia,SVK,2015,116741.805,SK
Slovakia,SVK,2016,120000.25,SK
Slovakia,SVK,2017,120779.98,SK
Slovakia,SVK,2018,150010.02,SK
Slovakia,SVK,2019,153829.89,SK
Slovakia,SVK,2020,43954.598,SK
Slovakia,SVK,2021,57164.742,SK
Slovakia,SVK,2022,126740.19,SK
Slovakia,SVK,2023,141758.8,SK
Slovakia,SVK,2024,166689.86,SK
Slovenia,SVN,2022,73428.836,SI
Solomon Islands,SLB,2013,23689.22,SB
Solomon Islands,SLB,2014,22506.283,SB
Solomon Islands,SLB,2015,29092.484,SB
Solomon Islands,SLB,2016,31868.72,SB
Solomon Islands,SLB,2017,31297.617,SB
Solomon Islands,SLB,2018,32179.783,SB
Somalia,SOM,2013,48179.78,SO
Somalia,SOM,2014,37496.004,SO
Somalia,SOM,2015,37167.223,SO
Somalia,SOM,2016,32785.656,SO
Somalia,SOM,2017,57099.984,SO
Somalia,SOM,2018,56159.35,SO
Somalia,SOM,2022,50522.195,SO
Somalia,SOM,2023,70048.97,SO
Somalia,SOM,2024,65535.66,SO
South Africa,ZAF,2013,5606511.5,ZA
South Africa,ZAF,2014,5716895.5,ZA
South Africa,ZAF,2015,5889399.5,ZA
South Africa,ZAF,2016,6043765.5,ZA
South Africa,ZAF,2017,6200163.5,ZA
South Africa,ZAF,2018,6177147.5,ZA
South Africa,ZAF,2019,6112908.0,ZA
South Africa,ZAF,2020,2283570.0,ZA
South Africa,ZAF,2021,2185697.5,ZA
South Africa,ZAF,2022,3619989.2,ZA
South Africa,ZAF,2023,4562291.0,ZA
South Korea,KOR,2013,10697174.0,KR
South Korea,KOR,2014,11525846.0,KR
South Korea,KOR,2015,12314326.0,KR
South Korea,KOR,2016,13159827.0,KR
South Korea,KOR,2017,13906513.0,KR
South Korea,KOR,2018,14663417.0,KR
South Korea,KOR,2019,15904747.0,KR
South Korea,KOR,2020,7109256.5,KR
South Korea,KOR,2021,7026593.5,KR
South Korea,KOR,2022,8529169.0,KR
South Korea,KOR,2023,12610549.0,KR
South Korea,KOR,2024,14757938.0,KR
South Sudan,SSD,2016,35342.496,
South Sudan,SSD,2017,30339.156,
South Sudan,SSD,2018,31523.959,
Spain,ESP,2013,14507872.0,ES
Spain,ESP,2014,14939130.0,ES
Spain,ESP,2015,15871504.0,ES
Spain,ESP,2016,17596844.0,ES
Spain,ESP,2017,18869764.0,ES
Spain,ESP,2018,19900810.0,ES
Spain,ESP,2019,20727732.0,ES
Spain,ESP,2020,7315300.5,ES
Spain,ESP,2021,9969655.0,ES
Spain,ESP,2022,17670416.0,ES
Spain,ESP,2023,19725742.0,ES
Spain,ESP,2024,22142820.0,ES
Sri Lanka,LKA,2013,1163198.8,LK
Sri Lanka,LKA,2014,1267645.0,LK
Sri Lanka,LKA,2015,1369010.9,LK
Sri Lanka,LKA,2016,1444112.6,LK
Sri Lanka,LKA,2017,1476627.2,LK
Sri Lanka,LKA,2018,1614050.5,LK
Sudan,SDN,2013,351715.97,SD
Sudan,SDN,2014,299065.56,SD
Sudan,SDN,2015,348679.7,SD
Sudan,SDN,2016,394853.1,SD
Sudan,SDN,2017,443614.25,SD
Sudan,SDN,2018,420153.12,SD
Sudan,SDN,2019,210002.33,SD
Sweden,SWE,2013,2318426.2,SE
Sweden,SWE,2014,2461202.0,SE
Sweden,SWE,2015,2577659.5,SE
Sweden,SWE,2016,2877673.5,SE
Sweden,SWE,2017,3098639.0,SE
Sweden,SWE,2018,3178204.2,SE
Sweden,SWE,2019,3091396.0,SE
Sweden,SWE,2020,1021854.75,SE
Sweden,SWE,2021,1160231.8,SE
Sweden,SWE,2022,2171155.5,SE
Sweden,SWE,2023,2292904.5,SE
Sweden,SWE,2024,2225782.0,SE
Switzerland,CHE,2013,4834855.0,CH
Switzerland,CHE,2014,4957019.5,CH
Switzerland,CHE,2015,5170260.5,CH
Switzerland,CHE,2016,5490476.0,CH
Switzerland,CHE,2017,5611548.0,CH
Switzerland,CHE,2018,5833937.5,CH
Switzerland,CHE,2019,5628150.0,CH
Switzerland,CHE,2020,2173377.2,CH
Switzerland,CHE,2021,2461605.0,CH
Switzerland,CHE,2022,4186597.2,CH
Switzerland,CHE,2023,4941911.5,CH
Switzerland,CHE,2024,5334926.0,CH
Syria,SYR,2013,50007.703,SY
Syria,SYR,2014,6851.1035,SY
Syria,SYR,2015,6204.3394,SY
Syria,SYR,2016,48172.867,SY
Syria,SYR,2017,58765.418,SY
Syria,SYR,2018,51787.953,SY
Taiwan,TWN,2013,5075517.0,TW
Taiwan,TWN,2014,5588861.5,TW
Taiwan,TWN,2015,6126778.0,TW
Taiwan,TWN,2016,6876310.5,TW
Taiwan,TWN,2017,7264923.0,TW
Taiwan,TWN,2018,7588032.0,TW
Tajikistan,TJK,2013,215344.28,TJ
Tajikistan,TJK,2014,271957.1,TJ
Tajikistan,TJK,2015,266351.22,TJ
Tajikistan,TJK,2016,235829.45,TJ
Tajikistan,TJK,2017,234776.66,TJ
Tajikistan,TJK,2018,227033.27,TJ
Tajikistan,TJK,2019,210003.36,TJ
Tajikistan,TJK,2022,286327.7,TJ
Tajikistan,TJK,2023,330536.16,TJ
Tajikistan,TJK,2024,272497.22,TJ
Tanzania,TZA,2013,421416.44,TZ
Tanzania,TZA,2014,414392.75,TZ
Tanzania,TZA,2015,511782.8,TZ
Tanzania,TZA,2016,520978.38,TZ
Tanzania,TZA,2017,531904.9,TZ
Tanzania,TZA,2018,587135.5,TZ
Tanzania,TZA,2019,421789.8,TZ
Tanzania,TZA,2020,216339.64,TZ
Tanzania,TZA,2021,314302.56,TZ
Tanzania,TZA,2022,374668.5,TZ
Tanzania,TZA,2023,431178.4,TZ
Tanzania,TZA,2024,509660.7,TZ
Thailand,THA,2013,11473866.0,TH
Thailand,THA,2014,11821322.0,TH
Thailand,THA,2015,13119088.0,TH
Thailand,THA,2016,14094117.0,TH
Thailand,THA,2017,14739546.0,TH
Thailand,THA,2018,15812476.0,TH
Thailand,THA,2019,15460242.0,TH
Thailand,THA,2020,5667787.5,TH
Thailand,THA,2021,3193700.8,TH
Thailand,THA,2022,6585689.0,TH
Thailand,THA,2023,10316705.0,TH
Thailand,THA,2024,12344928.0,TH
Togo,TGO,2024,191484.14,TG
Tonga,TON,2015,18634.164,TO
Tonga,TON,2016,21124.215,TO
Tonga,TON,2017,23532.646,TO
Tonga,TON,2018,22884.336,TO
Trinidad and Tobago,TTO,2013,258902.94,TT
Trinidad and Tobago,TTO,2014,280528.78,TT
Trinidad and Tobago,TTO,2015,293831.72,TT
Trinidad and Tobago,TTO,2016,260763.34,TT
Trinidad and Tobago,TTO,2017,251354.72,TT
Trinidad and Tobago,TTO,2018,235588.84,TT
Trinidad and Tobago,TTO,2019,256626.5,TT
Trinidad and Tobago,TTO,2020,72616.32,TT
Trinidad and Tobago,TTO,2021,55421.285,TT
Trinidad and Tobago,TTO,2022,152277.44,TT
Trinidad and Tobago,TTO,2023,190360.06,TT
Trinidad and Tobago,TTO,2024,213669.05,TT
Tunisia,TUN,2013,731845.06,TN
Tunisia,TUN,2014,667704.4,TN
Tunisia,TUN,2015,596331.8,TN
Tunisia,TUN,2016,512840.03,TN
Tunisia,TUN,2017,606404.6,TN
Tunisia,TUN,2018,759111.5,TN
Tunisia,TUN,2019,789987.4,TN
Tunisia,TUN,2020,259892.72,TN
Tunisia,TUN,2021,356020.56,TN
Tunisia,TUN,2022,616978.94,TN
Tunisia,TUN,2023,767577.56,TN
Tunisia,TUN,2024,821367.75,TN
Turkey,TUR,2013,9225536.0,TR
Turkey,TUR,2014,10590443.0,TR
Turkey,TUR,2015,12196179.0,TR
Turkey,TUR,2016,12590010.0,TR
Turkey,TUR,2017,12702018.0,TR
Turkey,TUR,2018,13872495.0,TR
Turkey,TUR,2019,14960453.0,TR
Turkey,TUR,2020,6072696.0,TR
Turkey,TUR,2021,10011375.0,TR
Turkey,TUR,2022,14533798.0,TR
Turkey,TUR,2023,16566790.0,TR
Turkey,TUR,2024,17355166.0,TR
Turkmenistan,TKM,2015,200263.72,TM
Turkmenistan,TKM,2016,251382.94,TM
Turkmenistan,TKM,2017,231179.52,TM
Turkmenistan,TKM,2018,258753.62,TM
Turkmenistan,TKM,2019,171464.06,TM
Turkmenistan,TKM,2021,32054.406,TM
Turkmenistan,TKM,2023,84684.7,TM
Turkmenistan,TKM,2024,159538.25,TM
Uganda,UGA,2013,238818.88,UG
Uganda,UGA,2014,243410.86,UG
Uganda,UGA,2015,232251.52,UG
Uganda,UGA,2016,207522.9,UG
Uganda,UGA,2017,217481.67,UG
Uganda,UGA,2018,265739.44,UG
Ukraine,UKR,2013,975204.56,UA
Ukraine,UKR,2014,922961.56,UA
Ukraine,UKR,2015,959865.75,UA
Ukraine,UKR,2016,1100423.1,UA
Ukraine,UKR,2017,1312442.4,UA
Ukraine,UKR,2018,1501824.6,UA
Ukraine,UKR,2019,1327553.1,UA
Ukraine,UKR,2020,572058.4,UA
Ukraine,UKR,2021,1008219.5,UA
United Arab Emirates,ARE,2013,20421772.0,AE
United Arab Emirates,ARE,2014,22620268.0,AE
United Arab Emirates,ARE,2015,25691524.0,AE
United Arab Emirates,ARE,2016,27708126.0,AE
United Arab Emirates,ARE,2017,28220684.0,AE
United Arab Emirates,ARE,2018,27909522.0,AE
United Arab Emirates,ARE,2019,25920724.0,AE
United Arab Emirates,ARE,2020,10470746.0,AE
United Arab Emirates,ARE,2021,11788998.0,AE
United Arab Emirates,ARE,2022,17977414.0,AE
United Arab Emirates,ARE,2023,23010930.0,AE
United Arab Emirates,ARE,2024,25587126.0,AE
United Kingdom,GBR,2013,30462500.0,GB
United Kingdom,GBR,2014,31106040.0,GB
United Kingdom,GBR,2015,32135974.0,GB
United Kingdom,GBR,2016,33818264.0,GB
United Kingdom,GBR,2017,34883420.0,GB
United Kingdom,GBR,2018,35548130.0,GB
United Kingdom,GBR,2019,35670824.0,GB
United Kingdom,GBR,2020,13557939.0,GB
United Kingdom,GBR,2021,11900114.0,GB
United Kingdom,GBR,2022,25363986.0,GB
United Kingdom,GBR,2023,31221556.0,GB
United Kingdom,GBR,2024,33317548.0,GB
United States,USA,2013,155853250.0,US
United States,USA,2014,159522130.0,US
United States,USA,2015,166228670.0,US
United States,USA,2016,173278140.0,US
United States,USA,2017,178136000.0,US
United States,USA,2018,184357500.0,US
United States,USA,2019,201470910.0,US
United States,USA,2020,111390420.0,US
United States,USA,2021,146616060.0,US
United States,USA,2022,173506560.0,US
United States,USA,2023,189982100.0,US
United States,USA,2024,200178060.0,US
Uruguay,URY,2013,205893.55,UY
Uruguay,URY,2014,230024.84,UY
Uruguay,URY,2015,277457.22,UY
Uruguay,URY,2016,290308.4,UY
Uruguay,URY,2017,303530.53,UY
Uruguay,URY,2018,319469.8,UY
Uruguay,URY,2021,139664.3,UY
Uruguay,URY,2022,225066.69,UY
Uruguay,URY,2023,284355.2,UY
Uruguay,URY,2024,305450.84,UY
Uzbekistan,UZB,2013,582520.6,UZ
Uzbekistan,UZB,2014,579145.44,UZ
Uzbekistan,UZB,2015,537209.75,UZ
Uzbekistan,UZB,2016,503151.44,UZ
Uzbekistan,UZB,2017,515260.8,UZ
Uzbekistan,UZB,2018,633487.4,UZ
Uzbekistan,UZB,2019,796710.06,UZ
Uzbekistan,UZB,2021,538788.9,UZ
Uzbekistan,UZB,2022,838111.56,UZ
Uzbekistan,UZB,2023,1053195.0,UZ
Vanuatu,VUT,2013,36136.957,VU
Vanuatu,VUT,2014,34691.367,VU
Vanuatu,VUT,2015,31913.844,VU
Vanuatu,VUT,2016,29087.61,VU
Vanuatu,VUT,2017,32240.13,VU
Vanuatu,VUT,2018,36611.97,VU
Vanuatu,VUT,2021,5176.0693,VU
Venezuela,VEN,2013,1342976.8,VE
Venezuela,VEN,2014,1204866.6,VE
Venezuela,VEN,2015,1024980.44,VE
Venezuela,VEN,2016,954780.0,VE
Venezuela,VEN,2017,672260.3,VE
Venezuela,VEN,2018,494548.44,VE
Venezuela,VEN,2019,313791.94,VE
Venezuela,VEN,2020,74464.32,VE
Venezuela,VEN,2021,105591.72,VE
Venezuela,VEN,2022,201960.28,VE
Venezuela,VEN,2023,288826.53,VE
Vietnam,VNM,2013,3247947.0,VN
Vietnam,VNM,2014,3710574.0,VN
Vietnam,VNM,2015,4191645.0,VN
Vietnam,VNM,2016,5184140.0,VN
Vietnam,VNM,2017,5836951.5,VN
Vietnam,VNM,2018,6433657.0,VN
Vietnam,VNM,2019,7632218.5,VN
Vietnam,VNM,2020,4146376.0,VN
Vietnam,VNM,2021,2698197.0,VN
Vietnam,VNM,2022,5716237.5,VN
Vietnam,VNM,2023,7162102.5,VN
Yemen,YEM,2013,215493.69,YE
Yemen,YEM,2014,221647.48,YE
Yemen,YEM,2015,138970.2,YE
Yemen,YEM,2016,72347.305,YE
Yemen,YEM,2017,13133.686,YE
Yemen,YEM,2018,2929.3525,YE
Zambia,ZMB,2013,221085.06,ZM
Zambia,ZMB,2014,187927.14,ZM
Zambia,ZMB,2015,176171.25,ZM
Zambia,ZMB,2016,188218.69,ZM
Zambia,ZMB,2017,191646.36,ZM
Zambia,ZMB,2018,196925.77,ZM
Zimbabwe,ZWE,2013,126188.836,ZW
Zimbabwe,ZWE,2014,113538.695,ZW
Zimbabwe,ZWE,2015,125336.86,ZW
Zimbabwe,ZWE,2016,129381.07,ZW
Zimbabwe,ZWE,2017,138085.69,ZW
Zimbabwe,ZWE,2018,159788.19,ZW
